<!--
// ______________________________________________________
// Generated by sql2java - http://sql2java.sourceforge.net/
// jdbc driver used at code generation time: org.hsqldb.jdbcDriver
//
// Please help us improve this tool by reporting:
// - problems and suggestions to
//   http://sourceforge.net/tracker/?group_id=54687
// - feedbacks and ideas on
//   http://sourceforge.net/forum/forum.php?forum_id=182208
// ______________________________________________________
-->

<sql2java>

<!-- ______________________________________________________ ACCOUNT ___ -->
<table name="account">
    <description>
        
    </description>
    
    <column name="phone">
        <description>
            
        </description>
    </column>
    
    <column name="country">
        <description>
            
        </description>
    </column>
    
    <column name="zip">
        <description>
            
        </description>
    </column>
    
    <column name="state">
        <description>
            
        </description>
    </column>
    
    <column name="city">
        <description>
            
        </description>
    </column>
    
    <column name="addr2">
        <description>
            
        </description>
    </column>
    
    <column name="addr1">
        <description>
            
        </description>
    </column>
    
    <column name="status">
        <description>
            
        </description>
    </column>
    
    <column name="lastname">
        <description>
            
        </description>
    </column>
    
    <column name="firstname">
        <description>
            
        </description>
    </column>
    
    <column name="email">
        <description>
            
        </description>
    </column>
    
    <column name="userid">
        <description>
            
        </description>
    </column>
    </table>

<!-- ______________________________________________________ BANNERDATA ___ -->
<table name="bannerdata">
    <description>
        
    </description>
    
    <column name="bannername">
        <description>
            
        </description>
    </column>
    
    <column name="favcategory">
        <description>
            
        </description>
    </column>
    </table>

<!-- ______________________________________________________ CATEGORY ___ -->
<table name="category">
    <description>
        
    </description>
    
    <column name="descn">
        <description>
            
        </description>
    </column>
    
    <column name="name">
        <description>
            
        </description>
    </column>
    
    <column name="catid">
        <description>
            
        </description>
    </column>
    </table>

<!-- ______________________________________________________ INVENTORY ___ -->
<table name="inventory">
    <description>
        
    </description>
    
    <column name="qty">
        <description>
            
        </description>
    </column>
    
    <column name="itemid">
        <description>
            
        </description>
    </column>
    </table>

<!-- ______________________________________________________ ITEM ___ -->
<table name="item">
    <description>
        
    </description>
    
    <column name="attr5">
        <description>
            
        </description>
    </column>
    
    <column name="attr4">
        <description>
            
        </description>
    </column>
    
    <column name="attr3">
        <description>
            
        </description>
    </column>
    
    <column name="attr2">
        <description>
            
        </description>
    </column>
    
    <column name="attr1">
        <description>
            
        </description>
    </column>
    
    <column name="status">
        <description>
            
        </description>
    </column>
    
    <column name="supplier">
        <description>
            
        </description>
    </column>
    
    <column name="unitcost">
        <description>
            
        </description>
    </column>
    
    <column name="listprice">
        <description>
            
        </description>
    </column>
    
    <column name="productid">
        <description>
            
        </description>
    </column>
    
    <column name="itemid">
        <description>
            
        </description>
    </column>
    </table>

<!-- ______________________________________________________ LINEITEM ___ -->
<table name="lineitem">
    <description>
        
    </description>
    
    <column name="unitprice">
        <description>
            
        </description>
    </column>
    
    <column name="quantity">
        <description>
            
        </description>
    </column>
    
    <column name="itemid">
        <description>
            
        </description>
    </column>
    
    <column name="linenum">
        <description>
            
        </description>
    </column>
    
    <column name="orderid">
        <description>
            
        </description>
    </column>
    </table>

<!-- ______________________________________________________ ORDERS ___ -->
<table name="orders">
    <description>
        
    </description>
    
    <column name="locale">
        <description>
            
        </description>
    </column>
    
    <column name="cardtype">
        <description>
            
        </description>
    </column>
    
    <column name="exprdate">
        <description>
            
        </description>
    </column>
    
    <column name="creditcard">
        <description>
            
        </description>
    </column>
    
    <column name="shiptolastname">
        <description>
            
        </description>
    </column>
    
    <column name="shiptofirstname">
        <description>
            
        </description>
    </column>
    
    <column name="billtolastname">
        <description>
            
        </description>
    </column>
    
    <column name="billtofirstname">
        <description>
            
        </description>
    </column>
    
    <column name="totalprice">
        <description>
            
        </description>
    </column>
    
    <column name="courier">
        <description>
            
        </description>
    </column>
    
    <column name="billcountry">
        <description>
            
        </description>
    </column>
    
    <column name="billzip">
        <description>
            
        </description>
    </column>
    
    <column name="billstate">
        <description>
            
        </description>
    </column>
    
    <column name="billcity">
        <description>
            
        </description>
    </column>
    
    <column name="billaddr2">
        <description>
            
        </description>
    </column>
    
    <column name="billaddr1">
        <description>
            
        </description>
    </column>
    
    <column name="shipcountry">
        <description>
            
        </description>
    </column>
    
    <column name="shipzip">
        <description>
            
        </description>
    </column>
    
    <column name="shipstate">
        <description>
            
        </description>
    </column>
    
    <column name="shipcity">
        <description>
            
        </description>
    </column>
    
    <column name="shipaddr2">
        <description>
            
        </description>
    </column>
    
    <column name="shipaddr1">
        <description>
            
        </description>
    </column>
    
    <column name="orderdate">
        <description>
            
        </description>
    </column>
    
    <column name="userid">
        <description>
            
        </description>
    </column>
    
    <column name="orderid">
        <description>
            
        </description>
    </column>
    </table>

<!-- ______________________________________________________ ORDERSTATUS ___ -->
<table name="orderstatus">
    <description>
        
    </description>
    
    <column name="status">
        <description>
            
        </description>
    </column>
    
    <column name="timestamp">
        <description>
            
        </description>
    </column>
    
    <column name="linenum">
        <description>
            
        </description>
    </column>
    
    <column name="orderid">
        <description>
            
        </description>
    </column>
    </table>

<!-- ______________________________________________________ PRODUCT ___ -->
<table name="product">
    <description>
        product info table
    </description>
    
    <column name="descn">
        <description>
            
        </description>
    </column>
    
    <column name="name">
        <description>
            
        </description>
    </column>
    
    <column name="category">
        <description>
            
        </description>
    </column>
    
    <column name="productid">
        <description>
            
        </description>
    </column>
    </table>

<!-- ______________________________________________________ PROFILE ___ -->
<table name="profile">
    <description>
        
    </description>
    
    <column name="banneropt">
        <description>
            
        </description>
    </column>
    
    <column name="mylistopt">
        <description>
            
        </description>
    </column>
    
    <column name="favcategory">
        <description>
            
        </description>
    </column>
    
    <column name="langpref">
        <description>
            
        </description>
    </column>
    
    <column name="userid">
        <description>
            
        </description>
    </column>
    </table>

<!-- ______________________________________________________ SEQUENCE ___ -->
<table name="sequence">
    <description>
        
    </description>
    
    <column name="nextid">
        <description>
            
        </description>
    </column>
    
    <column name="name">
        <description>
            
        </description>
    </column>
    </table>

<!-- ______________________________________________________ SIGNON ___ -->
<table name="signon">
    <description>
        
    </description>
    
    <column name="password">
        <description>
            
        </description>
    </column>
    
    <column name="username">
        <description>
            
        </description>
    </column>
    </table>

<!-- ______________________________________________________ SUPPLIER ___ -->
<table name="supplier">
    <description>
        
    </description>
    
    <column name="phone">
        <description>
            
        </description>
    </column>
    
    <column name="zip">
        <description>
            
        </description>
    </column>
    
    <column name="state">
        <description>
            
        </description>
    </column>
    
    <column name="city">
        <description>
            
        </description>
    </column>
    
    <column name="addr2">
        <description>
            
        </description>
    </column>
    
    <column name="addr1">
        <description>
            
        </description>
    </column>
    
    <column name="status">
        <description>
            
        </description>
    </column>
    
    <column name="name">
        <description>
            
        </description>
    </column>
    
    <column name="suppid">
        <description>
            
        </description>
    </column>
    </table>
</sql2java>