-- Some data to use with unit tests

INSERT INTO Donor (ID, EMAIL, ALIAS, FIRSTNAME, LASTNAME) VALUES(1, 'test1@test.com', 'smk', 'Stephen', 'Kiazyk');
INSERT INTO Donor (ID, EMAIL, ALIAS, FIRSTNAME, LASTNAME) VALUES(2, 'test2@test.com', 'analias', 'Stefan', 'Ksiazyk');
INSERT INTO Donor (ID, EMAIL, ALIAS, FIRSTNAME, LASTNAME) VALUES(3, 'test3@test.com', 'demonrushfan6969', 'Brooks', 'Cracktackle');
INSERT INTO Donor (ID, EMAIL, ALIAS, FIRSTNAME, LASTNAME) VALUES(4, 'test4@test.com', 'anotheralias', '', '');
INSERT INTO Donor (ID, EMAIL, ALIAS, FIRSTNAME, LASTNAME) VALUES(5, '5', NULL, '', '');
INSERT INTO Donor (ID, EMAIL, ALIAS, FIRSTNAME, LASTNAME) VALUES(6, '6', NULL, '', '');

INSERT INTO SpeedRun (ID, NAME, SORTKEY, DESCRIPTION) VALUES(1, 'run 1', 1, '');
INSERT INTO SpeedRun (ID, NAME, SORTKEY, DESCRIPTION) VALUES(2, 'run 2', 2, '');
INSERT INTO SpeedRun (ID, NAME, SORTKEY, DESCRIPTION) VALUES(3, 'yet another run', 3, '');

INSERT INTO Choice (ID, SPEEDRUN, NAME, DESCRIPTION, BIDSTATE) VALUES(1, 1, 'naming something', '', 'OPENED');
INSERT INTO Choice (ID, SPEEDRUN, NAME, DESCRIPTION, BIDSTATE) VALUES(2, 1, 'naming something else', '', 'OPENED');
INSERT INTO Choice (ID, SPEEDRUN, NAME, DESCRIPTION, BIDSTATE) VALUES(3, 1, 'a path of some sort', '', 'OPENED');
INSERT INTO Choice (ID, SPEEDRUN, NAME, DESCRIPTION, BIDSTATE) VALUES(4, 2, 'not part of game 1', '', 'OPENED');

INSERT INTO ChoiceOption (ID, CHOICE, NAME) VALUES(1, 1, 'name 1');
INSERT INTO ChoiceOption (ID, CHOICE, NAME) VALUES(2, 1, 'name 2');
INSERT INTO ChoiceOption (ID, CHOICE, NAME) VALUES(3, 2, 'name 1');

INSERT INTO Challenge (ID, SPEEDRUN, NAME, GOALAMOUNT, DESCRIPTION, BIDSTATE) VALUES(1, 2, 'challenge 1', 20.00, '', 'OPENED');
INSERT INTO Challenge (ID, SPEEDRUN, NAME, GOALAMOUNT, DESCRIPTION, BIDSTATE) VALUES(2, 1, 'challenge 2', 50.00, NULL, 'OPENED');
INSERT INTO Challenge (ID, SPEEDRUN, NAME, GOALAMOUNT, DESCRIPTION, BIDSTATE) VALUES(3, 2, 'challenge 2', 100.00, NULL, 'OPENED');
INSERT INTO Challenge (ID, SPEEDRUN, NAME, GOALAMOUNT, DESCRIPTION, BIDSTATE) VALUES(4, 2, 'challenge whatever', 150.00, NULL, 'OPENED');

INSERT INTO Donation (ID, DONOR, DOMAIN, DOMAINID, BIDSTATE, READSTATE, COMMENTSTATE, AMOUNT, TIMERECEIVED, COMMENT) VALUES(1, 1, 'LOCAL', NULL, 'PENDING', 'PENDING', 'PENDING', 50.40, '2004-10-18 23:32:34', '');
INSERT INTO Donation (ID, DONOR, DOMAIN, DOMAINID, BIDSTATE, READSTATE, COMMENTSTATE, AMOUNT, TIMERECEIVED, COMMENT) VALUES(2, 2, 'LOCAL', NULL, 'PENDING', 'PENDING', 'PENDING', 25.00, '2006-10-18 00:32:34', '');
INSERT INTO Donation (ID, DONOR, DOMAIN, DOMAINID, BIDSTATE, READSTATE, COMMENTSTATE, AMOUNT, TIMERECEIVED, COMMENT) VALUES(3, 4, 'LOCAL', NULL, 'PENDING', 'PENDING', 'PENDING', 25.00, '2006-10-18 00:32:34', '');
INSERT INTO Donation (ID, DONOR, DOMAIN, DOMAINID, BIDSTATE, READSTATE, COMMENTSTATE, AMOUNT, TIMERECEIVED, COMMENT) VALUES(4, 4, 'LOCAL', NULL, 'PENDING', 'PENDING', 'PENDING',  5.00, '2006-10-18 12:44:55', '');
INSERT INTO Donation (ID, DONOR, DOMAIN, DOMAINID, BIDSTATE, READSTATE, COMMENTSTATE, AMOUNT, TIMERECEIVED, COMMENT) VALUES(5, 6, 'LOCAL', NULL, 'PENDING', 'PENDING', 'PENDING', 25.00, '2006-10-18 00:32:34', '');
INSERT INTO Donation (ID, DONOR, DOMAIN, DOMAINID, BIDSTATE, READSTATE, COMMENTSTATE, AMOUNT, TIMERECEIVED, COMMENT) VALUES(7, 3, 'CHIPIN', '1234567890', 'PENDING', 'PENDING', 'PENDING', 15.00, '2006-11-13 10:00:00', 'Some comment text.');

INSERT INTO ChoiceBid (ID, CHOICEOPTION, DONATION, AMOUNT) VALUES(1, 1, 5, 10.00);
INSERT INTO ChoiceBid (ID, CHOICEOPTION, DONATION, AMOUNT) VALUES(2, 1, 3, 5.00);

INSERT INTO ChallengeBid (ID, CHALLENGE, DONATION, AMOUNT) VALUES(1, 1, 2, 10.00);
INSERT INTO ChallengeBid (ID, CHALLENGE, DONATION, AMOUNT) VALUES(2, 1, 1, 10.00);
INSERT INTO ChallengeBid (ID, CHALLENGE, DONATION, AMOUNT) VALUES(3, 2, 1, 10.00);

INSERT INTO Prize (ID, NAME, IMAGEURL, SORTKEY, DESCRIPTION, WINNER) VALUES(1, 'a prize', '', 1, '', 2);
INSERT INTO Prize (ID, NAME, IMAGEURL, SORTKEY, DESCRIPTION, WINNER) VALUES(2, 'another prize', '', 2, '', NULL);
INSERT INTO Prize (ID, NAME, IMAGEURL, SORTKEY, DESCRIPTION, WINNER) VALUES(3, 'one more prize', '', 3, '', 1);